{
  "input_item": [{
      "id": 1,
      "title": "General Details",
      "key": "generalDetails",
      "type": "GENERAL_DETAILS",
      "inputs": [{
        "icon": "fa fa-text-width",
        "label": "Fund Name"
      }, {
        "icon": "fa fa-text-width",
        "label": "Portfolio Company Name"
      }, {
        "icon": "fa fa-text-width",
        "label": "Name of the Debt Security"
      }, {
        "icon": "fa fa-calendar",
        "label": "Origination Date"
      }, {
        "icon": "fa fa-calendar",
        "label": "Valuation Date"
      }, {
        "icon": "fa fa-calendar",
        "label": "Maturity Date"
      }, {
        "icon": "fa fa-usd",
        "label": "Currency"
      }, {
        "icon": "fa fa-money",
        "label": " Principal Amount"
      }]
    },
    {
      "id": 2,
      "title": "Interest Details",
      "key": "interestDetails",
      "type": "INTEREST_DETAILS",
      "inputs": [{
        "icon": "fa fa-text-width",
        "label": "Interest Payment"
      }, {
        "icon": "fa fa-text-width",
        "label": "Interest Paid/Accured"
      }, {
        "icon": "fa fa-text-width",
        "label": "Interest Payment Mode"
      }, {
        "icon": "fa fa-calendar",
        "label": "First Interest Payment Date"
      }, {
        "icon": "fa fa-calendar",
        "label": "Last Date of the Interest Payment"
      }, {
        "icon": "fa fa-calendar",
        "label": "Interest Payment Day"
      }, {
        "icon": "fa fa-text-width",
        "label": "Base Rate"
      }, {
        "icon": "fa fa-text-width",
        "label": "Interest Payment Frequency"
      },{
        "icon": "fa fa-percent",
        "label": "Fixed Base Rate "
      }, {
        "icon": "fa fa-percent",
        "label": "Spread over Base Rate "
      }]
    },
    {
      "id": 3,
      "title": "Prepayment Details",
      "key": "prepaymentDetails",
      "type": "PREPAYMENT_DETAILS",
      "inputs": [{
        "icon": "fa fa-text-width",
        "label": "Principal Repayment Pattern"
      }, {
        "icon": "fa fa-file-excel-o",
        "label": "Interim Variable Payments"
      }]
    },
    {
      "id": 4,
      "status": false,
      "key": "creditRatingDetails",
      "title": "Credit Rating Details",
      "inputs": []
    },
    {
      "id": 5,
      "status": false,
      "key": "callPremium",
      "title": "Call Premium",
      "inputs": []
    },
    {
      "id": 6,
      "status": false,
      "key": "skims",
      "title": "Skims",
      "inputs": []
    }
  ]
}
